{"cameraMode":{"drawMode":0,"name":"Shaded","section":"Shading Mode"},"sceneLighting":false,"audioPlay":false,"sceneViewState":{"m_AlwaysRefresh":false,"showFog":true,"showSkybox":false,"showFlares":true,"showImageEffects":true,"showParticleSystems":true,"showVisualEffectGraphs":true,"m_FxEnabled":true},"in2DMode":false,"pivot":{"x":2.8641414642333986,"y":16.444313049316408,"z":-4.474971294403076},"rotation":{"x":0.24900813400745393,"y":-0.6265069842338562,"z":0.22310732305049897,"w":0.7044471502304077},"size":1.2247449159622193,"orthographic":false}